{"resolution": [640, 480], "fps": 90, "distortionCoefficients": [[-0.24339631378661117, 5.344425036584157, -0.0035420157243064624, -0.020096430775168855, -24.901272170502228]], "cameraMatrix": [[855.7235669854737, 0.0, 283.7467941132368], [0.0, 853.8118174282845, 303.0254877066016], [0.0, 0.0, 1.0]], "sensorSize": [3.68, 2.76]}